{
"name": "OneWire",
"frameworks": "Arduino",
"keywords": "onewire, 1-wire, bus, sensor, temperature, ibutton",
"description": "Control 1-Wire protocol (DS18S20, DS18B20, DS2408 and etc)",
"authors":
[
    {
        "name": "Paul Stoffregen",
        "email": "paul@pjrc.com",
        "url": "http://www.pjrc.com",
        "maintainer": true
    },
    {
        "name": "Jim Studt"
    },
    {
        "name": "Tom Pollard",
        "email": "pollard@alum.mit.edu"
    },
    {
        "name": "Derek Yerger"
    },
    {
        "name": "Josh Larios"
    },
    {
        "name": "Robin James"
    },
    {
        "name": "Glenn Trewitt"
    },
    {
        "name": "Jason Dangel",
        "email": "dangel.jason AT gmail.com"
    },
    {
        "name": "Guillermo Lovato"
    },
    {
        "name": "Ken Butcher"
    },
    {
        "name": "Mark Tillotson"
    },
    {
        "name": "Bertrik Sikken"
    },
    {
        "name": "Scott Roberts"
    }
],
"repository":
{
    "type": "git",
    "url": "https://github.com/PaulStoffregen/OneWire"
}
}
